Name,Runs,Wickets,Balls Faced,Average,Strike Rate,wSR,wRC,wRC+,Runs Against,Wickets Taken,Balls Bowled,Bowling Average,Strike Rate Against,Bowling wSR,cAA,cAA+
A Bosch,120,10,114,12,105,-21,98,77,138,7,126,19.71,110,0.01,26.04,103
A Day,9,1,5,9,180,-15,5,83,0,0,0,-,-,-,-,-
A Gardner,2053,92,1677,22.32,122,14,2028,109,1659,70,1446,23.7,115,0.09,28.32,95
A Genford,8,1,12,8,67,-58,6,44,0,0,0,-,-,-,-,-
A Hartley,4,1,8,4,50,-96,1,10,343,7,262,49,131,0.37,34.9,77
A Khaka,25,4,41,6.25,61,-69,15,34,393,17,397,23.12,99,-0.02,26.3,102
A King,332,24,328,13.83,101,-19,290,79,1306,66,1183,19.79,110,0.01,26.15,103
A Lanning,258,15,278,17.2,93,-14,258,83,0,0,0,-,-,-,-,-
A Learoyd,91,6,116,15.17,78,-28,92,71,30,0,12,-,250,1.67,67.77,40
A Mohammed,20,3,38,6.67,53,-67,15,36,441,18,408,24.5,108,0.05,27.52,98
A O'Neil,2,1,5,2,40,-146,-2,-35,0,0,0,-,-,-,-,-
A Price,73,6,79,12.17,92,-28,62,71,486,19,403,25.58,121,0.15,29.77,90
A Reddy,71,10,82,7.1,87,-59,40,43,527,18,425,29.28,124,0.22,31.49,85
A Shrubsole,74,7,72,10.57,103,-30,55,69,746,42,750,17.76,99,-0.09,25.76,104
A Smith,39,4,58,9.75,67,-49,34,52,361,12,314,30.08,115,0.14,31.08,86
A Sutherland,546,35,570,15.6,96,-17,516,81,1026,44,949,23.32,108,0.04,28.55,94
A Yates,29,3,25,9.67,116,-30,19,69,0,0,0,-,-,-,-,-
AA Alleyne,45,4,60,11.25,75,-38,41,62,176,7,144,25.14,122,0.18,31.75,85
AA Patil,117,8,94,14.62,124,-2,99,95,454,21,440,21.62,103,-0.02,25.75,104
AC Jayangani,885,39,845,22.69,105,2,921,98,545,24,424,22.71,129,0.17,31.12,86
AE Jones,1480,64,1265,23.12,117,10,1486,105,0,0,0,-,-,-,-,-
AG Gerken,0,2,4,0,0,-352,-10,-220,0,0,0,-,-,-,-,-
Aiman Anwer,14,3,25,4.67,56,-88,5,17,365,16,312,22.81,117,0.1,28.8,93
AJ Blackwell,1034,33,950,31.33,109,11,1124,106,0,0,0,-,-,-,-,-
AJ Healy,2993,108,2183,27.71,137,31,3019,124,0,0,0,-,-,-,-,-
AJ Kenealy,0,1,1,0,0,-634,-5,-473,46,0,36,-,128,0.5,39.67,68
AK Peters,7,1,16,7,44,-65,7,37,40,1,36,40,111,0.17,36.51,74
AL Kerrison,0,0,0,-,-,-,-,-,39,0,30,-,130,0.51,38,71
Alisha Rout,16,1,24,16,67,-33,18,67,0,0,0,-,-,-,-,-
Aliya Riaz,420,23,447,18.26,94,-12,423,85,422,15,336,28.13,126,0.22,32.56,82
Allie Mace-Cochrane,8,1,8,8,100,-47,5,54,0,0,0,-,-,-,-,-
AM Ewart,14,4,24,3.5,58,-111,-1,-4,0,0,0,-,-,-,-,-
Amanda-Jade Wellington,509,37,388,13.76,131,-3,404,93,1748,94,1590,18.6,110,-0.02,25.97,103
Amelia Kerr,921,38,771,24.24,119,13,924,108,1636,99,1788,16.53,91,-0.17,22.36,120
Amy Satterthwaite,2046,69,1890,29.65,108,10,2207,105,731,41,656,17.83,111,-0.03,25.87,104
AN Davidson-Richards,28,3,34,9.33,82,-45,21,56,42,0,24,-,175,0.96,50.8,53
AN Kelly,54,7,64,7.71,84,-55,33,47,254,18,287,14.11,89,-0.24,22.29,120
Anam Amin,3,1,8,3,38,-107,0,0,474,19,470,24.95,101,0.01,26.52,101
Anlo van Deventer,136,8,131,17,104,-9,129,88,0,0,0,-,-,-,-,-
Anna Peterson,331,23,318,14.39,104,-14,297,84,580,39,582,14.87,100,-0.16,22.24,121
AR Reakes,439,38,461,11.55,95,-28,363,71,102,3,78,34,131,0.3,36,75
Ashtuti Kumar,7,1,8,7,88,-62,4,40,101,1,72,101,140,0.53,38.71,69
ASS Fletcher,48,9,78,5.33,62,-79,22,25,613,30,606,20.43,101,-0.05,24.97,107
AT Hucker,0,0,0,-,-,-,-,-,27,0,18,-,150,0.71,42.62,63
Ayasha Rahman,173,14,224,12.36,77,-34,163,65,0,0,0,-,-,-,-,-
Ayesha Naseem,117,3,86,39,136,35,123,128,0,0,0,-,-,-,-,-
Ayesha Zafar,50,6,70,8.33,71,-52,39,50,0,0,0,-,-,-,-,-
B Cooper,209,18,250,11.61,84,-33,186,67,0,0,0,-,-,-,-,-
B Hepburn,80,13,101,6.15,79,-73,35,31,773,31,678,24.94,114,0.1,29.15,92
B Herath,2,1,4,2,50,-167,-2,-53,35,1,24,35,146,0.42,36.86,73
B Vakarewa,28,6,40,4.67,70,-92,6,14,977,43,982,22.72,99,-0.02,26.42,102
BC Molony,0,0,0,-,-,-,-,-,12,0,12,-,100,0.22,30.88,87
BE Patterson,889,50,853,17.78,104,-7,852,90,0,0,0,-,-,-,-,-
Bella Armstrong,168,11,161,15.27,104,-12,154,86,195,7,177,27.86,110,0.1,31.68,85
Bella James,63,6,90,10.5,70,-44,57,57,0,0,0,-,-,-,-,-
Bernadine Bezuidenhout,112,12,112,9.33,100,-38,78,62,0,0,0,-,-,-,-,-
BF Smith,16,2,16,8,100,-47,10,54,0,0,0,-,-,-,-,-
Bismah Maroof,706,27,669,26.15,106,5,748,100,203,5,150,40.6,135,0.36,34.85,77
BL Mooney,4258,101,3380,42.16,126,30,4647,123,0,0,0,-,-,-,-,-
BM Devchand,17,2,22,8.5,77,-52,12,50,47,1,30,47,157,0.59,40.65,66
BMSM Kumari,8,0,6,-,133,53,10,144,287,8,240,35.88,120,0.23,32.46,83
Brooke Halliday,212,13,234,16.31,91,-18,209,80,185,10,168,18.5,110,-0.02,27.55,97
BS Fulmali,23,2,33,11.5,70,-40,22,60,0,0,0,-,-,-,-,-
BYA Mendis,95,9,120,10.56,79,-39,82,62,0,0,0,-,-,-,-,-
C Leeson,150,13,131,11.54,115,-20,114,78,533,18,435,29.61,123,0.2,31.63,85
C Moore,1,1,3,1,33,-258,-5,-136,0,0,0,-,-,-,-,-
C Murray,0,0,0,-,-,-,-,-,39,0,18,-,217,1.35,58.09,46
C Piparo,475,26,457,18.27,104,-6,461,91,0,0,0,-,-,-,-,-
C Raack,18,2,18,9,100,-40,12,60,250,5,216,50,116,0.25,31.69,85
C Webb,631,27,596,23.37,106,2,650,98,217,9,168,24.11,129,0.19,32.06,84
CA Henry,133,13,169,10.23,79,-41,111,59,229,9,214,25.44,107,0.06,28.33,95
Caitlin Blakely,88,8,91,11,97,-31,70,69,11,0,6,-,183,1.03,50.42,53
Caitlin Gurrey,296,13,331,22.77,89,-9,324,88,0,0,0,-,-,-,-,-
Caitlin King,18,5,25,3.6,72,-121,-3,-12,17,3,18,5.67,94,-0.76,8.74,307
Carolyn Esterhuizen,7,0,6,-,117,39,9,131,107,7,96,15.29,111,-0.07,25.05,107
CG Sippel,19,2,18,9.5,106,-41,12,59,333,15,300,22.2,111,0.05,28.59,94
Charlotte Sarsfield,8,3,24,2.67,33,-115,-2,-7,166,6,162,27.67,102,0.04,27.27,98
CJ Koski,283,18,261,15.72,108,-9,255,88,30,0,18,-,167,0.87,50.52,53
CJ Metcalfe,3,0,18,-,17,-55,9,47,130,7,105,18.57,124,0.08,28.38,95
CL Hall,686,46,664,14.91,103,-15,613,83,0,0,0,-,-,-,-,-
CL Rafferty,6,1,6,6,100,-73,2,31,98,2,84,49,117,0.25,34.09,79
CL Tryon,727,35,531,20.77,137,21,679,115,337,3,261,112.33,129,0.44,36.78,73
Claudia Green,24,6,35,4,69,-107,0,0,248,8,264,31,94,0,27.5,98
CM Edwards,88,3,92,29.33,96,0,98,96,0,0,0,-,-,-,-,-
CMA Shillington,122,9,140,13.56,87,-24,116,74,0,0,0,-,-,-,-,-
CN Nation,347,16,349,21.69,99,-4,360,92,30,1,24,30,125,0.23,32.16,83
CNIM Joyce,110,8,134,13.75,82,-28,106,71,0,0,0,-,-,-,-,-
CR Knott,28,6,38,4.67,74,-91,6,15,57,3,54,19,106,-0.03,27.54,97
D Brown,0,0,0,-,-,-,-,-,433,27,498,16.04,87,-0.19,23.21,116
D Hazell,33,7,44,4.71,75,-91,7,14,662,24,523,27.58,127,0.22,31.65,85
D Hemalatha,26,4,29,6.5,90,-65,12,37,78,5,60,15.6,130,0.04,27.54,97
D van Niekerk,1581,63,1447,25.1,109,7,1651,102,1597,78,1564,20.47,102,-0.04,25.13,107
DB Sharma,623,26,662,23.96,94,-7,665,90,1259,67,1213,18.79,104,-0.06,25.06,107
Diana Baig,29,7,47,4.14,62,-101,3,6,339,14,343,24.21,99,-0.01,26.73,100
DJS Dottin,862,34,771,25.35,112,10,900,105,591,34,570,17.38,104,-0.07,25.89,104
DM Doughty,0,0,0,-,-,-,-,-,64,4,78,16,82,-0.23,20.71,130
DM Kimmince,444,28,391,15.86,114,-6,397,91,2052,108,1854,19,111,0,27.08,99
DN Wyatt,2236,78,1765,28.67,127,24,2306,117,236,10,228,23.6,104,0,25.84,104
E Bisht,3,0,5,-,60,-17,5,81,96,9,120,10.67,80,-0.4,17.32,155
E Falconer,34,1,23,34,148,42,34,134,245,11,177,22.27,138,0.24,33.1,81
E Hayward,26,1,33,26,79,-16,30,82,341,12,303,28.42,113,0.11,28.79,93
E Hughes,4,0,10,-,40,-35,7,65,24,1,22,24,109,0.05,32.36,83
E Johnston,8,0,10,-,80,4,11,100,0,0,0,-,-,-,-,-
E Jones,235,10,236,23.5,100,-1,250,95,12,0,6,-,200,1.15,53.35,50
E Kearney,31,9,32,3.44,97,-139,-10,-29,317,7,282,45.29,112,0.21,31.69,85
E Kershaw,97,10,127,9.7,76,-44,80,57,8,1,6,8,133,-0.4,20.19,133
E Thompson,97,10,99,9.7,98,-37,70,63,26,2,24,13,108,-0.17,21.5,125
EA Burns,894,43,760,20.79,118,8,871,103,530,40,515,13.25,103,-0.2,21.97,122
EA Leys,0,0,0,-,-,-,-,-,7,0,6,-,117,0.39,35.16,76
EA Osborne,731,39,743,18.74,98,-10,722,87,1211,45,1111,26.91,109,0.08,27.97,96
EA Perry,2835,65,2699,43.62,105,14,3260,108,1546,78,1529,19.82,101,-0.04,26.35,102
EG Fazackerley,471,29,359,16.24,131,8,412,103,159,4,120,39.75,132,0.35,37.39,72
Eimear Richardson,180,15,171,12,105,-21,147,77,410,17,395,24.12,104,0.02,26.74,100
EJ Carson,42,4,57,10.5,74,-43,37,58,273,16,256,17.06,107,-0.06,25.11,107
EJ Inglis,249,25,267,9.96,93,-36,190,64,0,0,0,-,-,-,-,-
EJ Smith,24,3,27,8,89,-55,14,46,0,0,0,-,-,-,-,-
EJ Villani,2307,73,2012,31.6,115,17,2490,111,27,0,20,-,135,0.57,41.76,64
EL Baker,0,0,0,-,-,-,-,-,14,1,12,14,117,-0.08,29.8,90
EL King,19,1,22,19,86,-17,20,80,739,31,681,23.84,109,0.05,27.14,99
EM Bermingham,8,2,7,4,114,-123,-1,-14,31,0,24,-,129,0.48,38.31,70
Emily Cunningham,113,10,146,11.3,77,-36,103,63,9,0,10,-,90,0.13,31.29,86
Emma Black,33,5,39,6.6,85,-67,16,36,308,19,278,16.21,111,-0.05,27.11,99
Emma Kench,19,3,31,6.33,61,-72,11,31,0,0,0,-,-,-,-,-
F Tunnicliffe,32,3,55,10.67,58,-48,33,53,0,0,0,-,-,-,-,-
Fahima Khatun,109,9,113,12.11,96,-27,91,72,261,7,228,37.29,114,0.19,30.95,87
Fareeha Mehmood,7,3,19,2.33,37,-126,-4,-17,0,0,0,-,-,-,-,-
Fargana Hoque,353,16,392,22.06,90,-10,380,87,0,0,0,-,-,-,-,-
Fatima Sana,25,1,23,25,109,6,26,102,140,5,120,28,117,0.16,29.85,90
FC Jonas,5,1,12,5,42,-80,3,24,260,11,284,23.64,92,-0.08,24.21,111
FC Wilson,529,26,523,20.35,101,-5,532,91,0,0,0,-,-,-,-,-
Felicity Leydon-Davis,111,8,135,13.88,82,-28,106,71,171,7,157,24.43,109,0.05,28.19,95
FR Davies,1,0,1,-,100,19,1,113,276,14,276,19.71,100,-0.06,26.16,103
Frances Mackay,384,13,436,29.54,88,-6,443,91,318,32,375,9.94,85,-0.4,16.46,163
G Prestwidge,10,4,18,2.5,56,-151,-8,-39,472,17,432,27.76,109,0.1,31.02,87
G Redmayne,1370,52,1298,26.35,106,5,1449,100,0,0,0,-,-,-,-,-
G Sims,2,1,5,2,40,-147,-2,-36,0,0,0,-,-,-,-,-
G Voll,384,17,359,22.59,107,3,395,99,0,0,0,-,-,-,-,-
G Wareham,259,13,218,19.92,119,6,246,101,1274,70,1244,18.2,102,-0.07,24.9,108
GA Elwiss,271,13,294,20.85,92,-11,283,87,491,11,392,44.64,125,0.31,34.08,79
Gabby Sullivan,28,3,33,9.33,85,-46,20,55,261,15,259,17.4,101,-0.09,25.21,106
GE Edge,2,1,3,2,67,-228,-4,-109,12,2,12,6,100,-0.72,10.46,257
GE Plimmer,38,5,35,7.6,109,-48,21,53,0,0,0,-,-,-,-,-
Georgia Atkinson,101,9,91,11.22,111,-22,78,77,124,3,96,41.33,129,0.32,33.28,81
Georgina Harris,10,2,19,5,53,-83,5,22,24,0,24,-,100,0.23,32.14,84
GH Lewis,252,12,230,21,110,3,254,99,69,2,54,34.5,128,0.28,34.72,77
Ghulam Fatima,6,1,7,6,86,-69,3,34,29,0,38,-,76,0.01,28.45,94
GL Triscari,1,1,4,1,25,-189,-3,-73,224,12,183,18.67,122,0.06,28.58,94
GM Harris,1354,49,1086,27.63,125,22,1396,115,996,47,885,21.19,113,0.04,27.44,98
GR Adams,20,5,24,4,83,-111,-1,-3,140,4,144,35,97,0.04,28.07,96
GWHM Perera,192,12,272,16,71,-30,210,69,0,0,0,-,-,-,-,-
H Birkett,53,7,59,7.57,90,-55,31,47,497,25,471,19.88,106,-0.03,25.79,104
H Deol,118,7,136,16.86,87,-19,119,79,118,7,96,16.86,123,0.03,27.62,97
H Graham,803,49,809,16.39,99,-13,760,84,1585,99,1417,16.01,112,-0.07,25.08,107
H Karunaratne,96,5,153,19.2,63,-31,116,68,33,0,24,-,138,0.59,39.76,67
H Kaur,1914,61,1622,31.38,118,19,2038,113,715,40,602,17.88,119,0.02,26.68,101
H Madavi,129,8,159,16.12,81,-24,132,75,0,0,0,-,-,-,-,-
H Silver-holmes,8,3,22,2.67,36,-115,-2,-7,255,12,192,21.25,133,0.19,31.94,84
Hannah Darlington,205,16,206,12.81,100,-22,174,76,914,69,914,13.25,100,-0.21,21.48,125
Hannah Rowe,214,15,240,14.27,89,-24,199,74,600,28,504,21.43,119,0.09,28.71,93
HASD Siriwardene,242,18,257,13.44,94,-22,218,76,502,25,465,20.08,108,0,26.12,103
Hayley Jensen,434,34,455,12.76,95,-24,377,74,1121,56,984,20.02,114,0.04,27.43,98
HC Knight,2111,70,1762,30.16,120,19,2218,113,1002,40,876,25.05,114,0.1,28.81,93
HE Topp,8,1,8,8,100,-48,5,53,0,0,0,-,-,-,-,-
HHC Gunaratne,1,0,2,-,50,-26,2,73,19,1,24,19,79,-0.21,21.75,123
HIS Mendis,71,5,87,14.2,82,-28,69,71,0,0,0,-,-,-,-,-
HJ Armitage,41,2,34,20.5,121,9,40,105,0,0,0,-,-,-,-,-
HK Matthews,1036,51,974,20.31,106,0,1041,96,1166,70,1099,16.66,106,-0.08,24.6,109
HL Ferling,59,5,53,11.8,111,-21,45,77,767,21,618,36.52,124,0.27,33.63,80
HM Brennan,12,1,13,12,92,-29,10,70,144,1,96,144,150,0.66,42.88,63
Holly Huddleston,216,9,250,24,86,-12,239,86,414,32,432,12.94,96,-0.23,21.22,126
I Ranaweera,2,1,12,2,17,-102,1,4,160,5,120,32,133,0.31,33.9,79
IECM Wong,56,6,36,9.33,156,-17,32,81,252,9,228,28,111,0.11,29.89,90
IMHC Joyce,195,10,211,19.5,92,-11,203,86,214,5,174,42.8,123,0.28,34.26,78
Iram Javed,193,15,215,12.87,90,-26,175,73,0,0,0,-,-,-,-,-
J Allen,0,0,0,-,-,-,-,-,20,0,12,-,167,0.85,48.03,56
J Goswami,14,1,16,14,88,-26,13,73,180,6,158,30,114,0.16,30.18,89
J Hicks,5,4,10,1.25,50,-251,-14,-129,0,0,0,-,-,-,-,-
Jacinta Savage,101,9,111,11.22,91,-31,85,68,235,13,216,18.08,109,-0.02,27,99
Jahanara Alam,36,7,57,5.14,63,-82,14,23,323,24,330,13.46,98,-0.19,22.99,117
Javeria Khan,573,28,556,20.46,103,-3,579,93,35,2,36,17.5,97,-0.11,23.65,113
Javeria Rauf,21,3,28,7,75,-60,13,42,0,0,0,-,-,-,-,-
JE Cameron,1266,44,1092,28.77,116,15,1332,109,0,0,0,-,-,-,-,-
JE Dooley,503,23,467,21.87,108,1,505,97,0,0,0,-,-,-,-,-
Jess Watkin,314,16,270,19.62,116,6,306,102,416,19,407,21.89,102,-0.02,25.72,104
Jesse Prasad,23,2,24,11.5,96,-28,19,71,207,14,190,14.79,109,-0.11,24.64,109
Jessica McFadyen,54,5,62,10.8,87,-35,44,64,0,0,0,-,-,-,-,-
Jessica Simmons,6,3,15,2,40,-147,-6,-36,87,4,108,21.75,81,-0.16,22.74,118
JI Rodrigues,1208,51,1118,23.69,108,4,1244,100,34,0,24,-,142,0.62,41.49,65
JL Barsby,194,17,195,11.41,99,-28,154,71,959,44,838,21.8,114,0.06,27.46,98
JL Gunn,24,3,25,8,96,-49,14,52,241,11,168,21.91,143,0.28,33.17,81
JL Hunter,0,1,1,0,0,-634,-5,-473,138,11,156,12.55,88,-0.28,20.25,133
JL Jonassen,1188,52,1035,22.85,115,8,1194,104,2337,141,2325,16.57,101,-0.11,23.63,114
JM Kerr,58,7,54,8.29,107,-43,35,58,553,26,564,21.27,98,-0.05,25.45,105
K Fryett,8,1,6,8,133,-40,4,61,152,5,114,30.4,133,0.3,35.64,75
K Peterson,0,1,1,0,0,-634,-5,-473,62,1,42,62,148,0.56,41.36,65
K Pope,8,0,5,-,160,79,9,167,75,0,66,-,114,0.36,35,77
K Ramharack,4,2,8,2,50,-167,-5,-53,122,7,111,17.43,110,-0.04,24.73,109
K Sutherland,9,1,7,9,129,-48,4,53,37,1,30,37,123,0.27,35.4,76
KA Heffernan,0,0,0,-,-,-,-,-,26,1,36,26,72,-0.19,23.17,116
KA Knight,0,0,0,-,-,-,-,-,7,0,6,-,117,0.39,35.16,76
KADA Kanchana,40,7,52,5.71,77,-75,17,29,111,4,77,27.75,144,0.36,37.2,72
Kainat Imtiaz,84,6,110,14,76,-31,84,69,78,2,72,39,108,0.14,30.08,89
Kate Anderson,185,12,174,15.42,106,-9,170,88,21,1,12,21,175,0.37,36.67,73
Kate Ebrahim,297,12,306,24.75,97,-3,319,94,154,7,120,22,128,0.16,29.75,90
Katey Martin,1107,49,968,22.59,114,8,1111,103,0,0,0,-,-,-,-,-
Katie Perkins,489,13,467,37.62,105,11,550,106,0,0,0,-,-,-,-,-
KDU Prabodhani,12,3,28,4,43,-92,4,13,321,14,362,22.93,89,-0.09,24.43,110
KE Baxter,0,0,0,-,-,-,-,-,9,0,6,-,150,0.68,42.07,64
Kerry-Anne Tomlinson,64,6,61,10.67,105,-28,48,71,0,0,0,-,-,-,-,-
KH Brunt,544,23,464,23.65,117,10,545,105,1303,80,1367,16.29,95,-0.14,23.63,114
Khadija Tul Kubra,5,1,7,5,71,-87,1,18,224,10,228,22.4,98,-0.04,24.95,108
Kirsty Nation,121,7,115,17.29,105,-6,116,91,0,0,0,-,-,-,-,-
KJ Gaging,39,3,40,13,97,-23,34,75,0,0,0,-,-,-,-,-
KJ Garth,396,19,428,20.84,93,-10,415,87,966,54,991,17.89,97,-0.1,24.7,109
KJ Hartshorn,0,0,0,-,-,-,-,-,51,1,42,51,121,0.28,35.25,76
KJ Havill,2,1,3,2,67,-199,-3,-82,52,1,42,52,124,0.32,33.38,80
KL Britt,159,9,161,17.67,99,-11,155,86,0,0,0,-,-,-,-,-
KL Cross,63,6,56,10.5,112,-28,44,71,520,17,464,30.59,112,0.13,29.93,90
KL George,0,1,2,0,0,-352,-5,-220,110,3,78,36.67,141,0.41,37.63,71
KL Gordon,1,0,1,-,100,19,1,113,80,7,90,11.43,89,-0.33,18.4,146
KL Short,774,37,808,20.92,96,-7,805,89,31,0,12,-,258,1.74,67.55,40
KM Beams,23,4,25,5.75,92,-85,6,20,564,31,581,18.19,97,-0.11,23.54,114
KM Mack,1195,52,1141,22.98,105,1,1231,97,0,0,0,-,-,-,-,-
KM Sims,4,1,5,4,80,-106,0,1,61,1,60,61,102,0.16,33.94,79
Kycia A Knight,236,11,239,21.45,99,-5,244,92,0,0,0,-,-,-,-,-
Kyshona A Knight,175,13,214,13.46,82,-29,168,70,0,0,0,-,-,-,-,-
L Cheatle,46,5,48,9.2,96,-43,31,58,444,24,420,18.5,106,-0.04,25.58,105
L Cripps,0,0,0,-,-,-,-,-,21,0,12,-,175,0.94,56.33,48
L Delany,158,9,203,17.56,78,-24,169,75,148,7,150,21.14,99,-0.06,25.93,104
L Goodall,78,2,79,39,99,6,89,101,0,0,0,-,-,-,-,-
L Griffith,58,4,58,14.5,100,-17,52,81,604,14,475,43.14,127,0.32,34.8,77
L Harris,689,40,452,17.23,152,23,587,116,0,0,0,-,-,-,-,-
L Lee,2167,76,1749,28.51,124,22,2259,116,13,0,12,-,108,0.29,32.66,82
L Little,3,2,12,1.5,25,-142,-4,-31,69,0,42,-,164,0.85,50.69,53
L Maritz,16,3,18,5.33,89,-82,4,22,182,2,132,91,138,0.5,41.18,65
L Mills,6,2,12,3,50,-119,-1,-11,192,17,174,11.29,110,-0.23,20.09,134
L Paul,5,1,15,5,33,-78,4,26,14,1,12,14,117,-0.16,23.91,112
L Winfield,330,22,336,15,98,-17,302,81,0,0,0,-,-,-,-,-
L Wolvaardt,1118,47,1027,23.79,109,5,1152,101,0,0,0,-,-,-,-,-
LA Marsh,26,1,13,26,200,74,24,163,151,4,150,37.75,101,0.07,27.56,97
LAGL Kirby,51,4,52,12.75,98,-22,44,77,0,0,0,-,-,-,-,-
Lata Mondal,1,1,4,1,25,-189,-3,-73,19,1,18,19,106,-0.02,25.21,106
Laura Hughes,57,10,64,5.7,89,-76,20,28,0,0,0,-,-,-,-,-
Lauren Down,282,17,281,16.59,100,-11,269,86,0,0,0,-,-,-,-,-
LC Sthalekar,5,0,2,-,250,167,5,246,82,6,77,13.67,106,-0.16,21.94,122
LCN Smith,18,2,23,9,78,-48,14,53,340,17,362,20,94,-0.09,24.95,108
LE Kaushalya,39,4,52,9.75,75,-44,33,56,0,0,0,-,-,-,-,-
Lea Tahuhu,199,18,154,11.06,129,-15,141,82,1748,83,1793,21.06,97,-0.05,26.04,103
Leigh Kasperek,257,18,237,14.28,108,-13,223,84,1088,77,984,14.13,111,-0.12,23.16,116
LF Boucher,104,10,119,10.4,87,-36,84,64,107,3,78,35.67,137,0.37,38.63,69
LG Smith,173,12,175,14.42,99,-18,156,80,1016,47,860,21.62,118,0.08,28.38,95
LH Heaps,6,0,11,-,55,-21,9,77,163,6,145,27.17,112,0.11,29.4,91
Liz Perry,14,2,15,7,93,-59,7,43,0,0,0,-,-,-,-,-
LK Ebsary,434,15,386,28.93,112,11,457,106,0,0,0,-,-,-,-,-
LK O'Reilly,5,2,11,2.5,45,-132,-3,-22,71,10,84,7.1,85,-0.6,16.44,163
LS Mulivai,14,2,26,7,54,-65,11,38,88,3,66,29.33,133,0.29,32.92,82
M Banting,55,9,66,6.11,83,-70,25,33,0,0,0,-,-,-,-,-
M Blows,34,3,31,11.33,110,-23,26,75,235,7,198,33.57,119,0.2,32.55,82
M Brown,248,21,238,11.81,104,-23,200,75,1121,47,1036,23.85,108,0.05,28.61,94
M Carmichael,167,10,153,16.7,109,-6,154,90,0,0,0,-,-,-,-,-
M Daniels,2,1,7,2,29,-125,-1,-16,210,13,252,16.15,83,-0.21,21.88,123
M Darke,25,3,32,8.33,78,-55,17,47,0,0,0,-,-,-,-,-
M du Preez,2107,78,1812,27.01,116,14,2187,108,12,0,12,-,100,0.24,35.5,76
M Hinkley,278,18,311,15.44,89,-20,269,78,0,0,0,-,-,-,-,-
M Joshi,3,0,16,-,19,-54,9,48,135,2,114,67.5,118,0.31,33.86,79
M Kapp,1036,46,1019,22.52,102,-2,1076,95,1714,87,1912,19.7,90,-0.12,23.78,113
M Klaas,22,4,28,5.5,79,-79,8,25,531,15,422,35.4,126,0.27,33.79,79
M Methtananda,0,0,0,-,-,-,-,-,23,0,12,-,192,1.11,52.3,51
M Penna,296,11,235,26.91,126,21,302,115,211,14,169,15.07,125,-0.02,26.02,103
M Phillips,62,8,89,7.75,70,-57,45,45,258,14,221,18.43,117,0.03,27.52,98
M Raj,531,16,546,33.19,97,3,603,99,0,0,0,-,-,-,-,-
M Shehani,1,1,2,1,50,-307,-4,-180,20,0,18,-,111,0.33,33.56,80
M Strano,253,15,249,16.87,102,-11,239,86,1744,100,1568,17.44,111,-0.03,25.47,105
MAA Sanjeewani,236,14,269,16.86,88,-18,238,80,0,0,0,-,-,-,-,-
MADD Surangika,80,6,95,13.33,84,-29,74,70,0,0,0,-,-,-,-,-
Maddy Green,1096,63,1088,17.4,101,-9,1064,88,184,10,171,18.4,108,-0.04,25.75,104
Maneka Singh,6,0,4,-,150,71,7,160,208,11,270,18.91,77,-0.22,21.21,127
Marina Lamplough,3,0,2,-,150,66,3,155,49,1,42,49,117,0.22,31.62,85
MB Templeton,47,2,54,23.5,87,-12,51,85,70,2,66,35,106,0.1,28.53,94
MDN Hansika,32,2,39,16,82,-24,33,75,0,0,0,-,-,-,-,-
ME Bouchier,200,9,213,22.22,94,-7,213,90,0,0,0,-,-,-,-,-
ME Loe,2,1,6,2,33,-135,-2,-25,187,7,156,26.71,120,0.17,31.24,86
Melissa Banks,15,4,32,3.75,47,-99,3,7,135,8,133,16.88,102,-0.09,27.09,99
Melissa Hansen,43,6,52,7.17,83,-62,23,41,213,8,176,26.62,121,0.17,30.36,88
Mereana Hyde,11,0,6,-,183,103,13,189,20,1,18,20,111,0.01,31.18,86
Mikaela Greig,90,10,92,9,98,-40,62,60,86,1,60,86,143,0.52,39.02,69
Millie Cowan,252,10,237,25.2,106,5,267,101,0,0,0,-,-,-,-,-
MJG Nielsen,3,1,7,3,43,-112,0,-4,76,3,93,25.33,82,-0.15,23.62,114
MK Villiers,13,0,12,-,108,29,16,122,234,15,210,15.6,111,-0.06,24.66,109
ML Gibson,66,1,77,66,86,1,83,97,697,34,606,20.5,115,0.05,27.49,98
ML Schutt,207,24,180,8.62,115,-41,119,59,2455,152,2585,16.15,95,-0.15,22.89,117
MM Lanning,2482,66,2112,37.61,118,22,2729,116,0,0,0,-,-,-,-,-
MM Penfold,1,2,5,0.5,20,-278,-9,-153,36,0,30,-,120,0.43,40,67
Monique Rees,17,3,26,5.67,65,-80,7,24,100,1,67,100,149,0.61,42.54,63
MR Aguilleira,107,6,117,17.83,91,-15,107,82,0,0,0,-,-,-,-,-
MR Meshram,14,1,12,14,117,-8,12,89,0,0,0,-,-,-,-,-
Muneeba Ali,108,11,161,9.82,67,-46,98,55,0,0,0,-,-,-,-,-
Murshida Khatun,101,6,113,16.83,89,-17,102,81,0,0,0,-,-,-,-,-
MV Waldron,114,9,159,12.67,72,-37,112,63,0,0,0,-,-,-,-,-
N de Klerk,357,17,365,21,98,-6,368,91,470,17,424,27.65,111,0.11,30.79,87
N Faltum,83,14,94,5.93,88,-76,29,28,0,0,0,-,-,-,-,-
N Matthews,1,2,6,0.5,17,-243,-8,-122,0,0,0,-,-,-,-,-
N Mlaba,2,2,8,1,25,-189,-7,-73,231,5,198,46.2,117,0.25,32.43,83
N Shangase,6,1,13,6,46,-70,5,33,74,4,51,18.5,145,0.22,31.55,85
NA Plane,5,2,13,2.5,38,-123,-2,-14,6,1,6,6,100,-0.7,8.87,302
Nahida Akter,3,0,4,-,75,-4,4,93,300,19,301,15.79,100,-0.13,22.63,119
Nahida Khan,218,18,275,12.11,79,-34,202,66,0,0,0,-,-,-,-,-
Nain Abidi,7,1,11,7,64,-64,5,38,0,0,0,-,-,-,-,-
Nashra Sandhu,7,3,22,2.33,32,-119,-3,-11,470,22,444,21.36,106,0,26.1,103
Natalia Pervaiz,29,5,51,5.8,57,-73,17,30,66,3,48,22,138,0.24,32.95,81
Natalie Cox,240,14,254,17.14,94,-13,238,84,0,0,0,-,-,-,-,-
Natalie Dodd,429,15,452,28.6,95,-1,478,95,0,0,0,-,-,-,-,-
NE Bolton,1238,57,1307,21.72,95,-7,1303,89,1100,44,948,25,116,0.12,28.95,93
NE Codyre,0,0,0,-,-,-,-,-,21,0,18,-,117,0.39,39.03,69
NE Farrant,6,1,15,6,40,-72,5,31,213,10,179,21.3,119,0.11,30.65,88
NE Stalenberg,877,52,915,16.87,96,-13,863,85,13,0,6,-,217,1.38,62.78,43
Nensi Patel,88,7,97,12.57,91,-27,77,72,123,9,150,13.67,82,-0.28,19.25,139
Nida Dar,564,30,519,18.8,109,-2,545,94,861,43,810,20.02,106,-0.01,26.16,103
Nigar Sultana,306,14,385,21.86,79,-17,347,81,0,0,0,-,-,-,-,-
NJ Carey,787,45,831,17.49,95,-13,781,84,1810,93,1620,19.46,112,0.01,27.32,98
NM Goodwin,6,0,10,-,60,-17,9,81,50,1,42,50,119,0.28,35.31,76
NM Hancock,173,15,168,11.53,103,-25,137,73,1104,56,1012,19.71,109,0,27.71,97
NND de Silva,193,19,212,10.16,91,-38,147,62,80,3,55,26.67,145,0.36,37,73
NR Sciver,1976,62,1663,31.87,119,19,2101,113,1523,78,1391,19.53,109,0,26.79,100
NY McLean,289,15,304,19.27,95,-9,298,88,0,0,0,-,-,-,-,-
O Prendergast,10,1,10,10,100,-34,7,65,8,2,21,4,38,-0.89,7.86,342
OJS Bartlett,9,2,15,4.5,60,-90,3,15,43,0,24,-,179,0.98,49.33,54
Olivia Gain,15,4,33,3.75,45,-96,4,10,0,0,0,-,-,-,-,-
Olivia Lobb,35,2,38,17.5,92,-16,35,82,0,0,0,-,-,-,-,-
OU Ranasinghe,97,8,133,12.12,73,-38,91,62,326,13,282,25.08,116,0.11,29.27,92
P Cleary,48,5,50,9.6,96,-46,31,55,689,28,654,24.61,105,0.04,27.85,96
P Litchfield,614,28,595,21.93,103,-1,631,95,0,0,0,-,-,-,-,-
P Vastrakar,120,7,95,17.14,126,6,107,101,343,16,307,21.44,112,0.05,28.79,93
Panna Ghosh,19,1,20,19,95,-12,19,86,160,11,150,14.55,107,-0.11,22.99,117
PM Weerakkody,0,1,2,0,0,-352,-5,-220,0,0,0,-,-,-,-,-
Polly Inglis,220,9,243,24.44,91,-7,244,90,0,0,0,-,-,-,-,-
Poonam Yadav,11,4,18,2.75,61,-141,-6,-30,1189,65,1190,18.29,100,-0.09,23.91,112
PS Punia,9,3,17,3,53,-121,-2,-12,0,0,0,-,-,-,-,-
Q Joseph,2,0,7,-,29,-45,4,56,36,1,48,36,75,-0.13,22.65,118
R Boyce,20,5,28,4,71,-105,1,2,0,0,0,-,-,-,-,-
R Dhar,0,0,0,-,-,-,-,-,53,3,37,17.67,143,0.18,30.65,88
R Irvine,1,0,1,-,100,19,1,113,0,0,0,-,-,-,-,-
R Johnston,208,12,217,17.33,96,-12,207,86,219,16,221,13.69,99,-0.2,21.55,125
R McKenna,10,1,10,10,100,-34,7,66,52,0,37,-,141,0.62,40.58,66
R Ntozakhe,0,0,0,-,-,-,-,-,207,1,144,207,144,0.6,40.16,67
R Searle,14,1,15,14,93,-22,13,77,0,0,0,-,-,-,-,-
R Stokell,16,3,21,5.33,76,-80,6,24,0,0,0,-,-,-,-,-
R Trenaman,244,14,254,17.43,96,-11,244,86,123,5,90,24.6,137,0.27,32.65,82
Rachel Delaney,1,0,2,-,50,-26,2,73,18,0,6,-,300,2.14,77.17,35
Rachel Priest,1565,70,1351,22.36,116,10,1582,105,0,0,0,-,-,-,-,-
Rameen Shamim,0,0,0,-,-,-,-,-,95,1,79,95,120,0.35,34.01,79
Rebecca Burns,183,11,178,16.64,103,-8,176,89,0,0,0,-,-,-,-,-
Regina Lili'i,86,6,88,14.33,98,-19,78,79,0,0,0,-,-,-,-,-
Renuka Singh,1,1,3,1,33,-228,-4,-109,50,1,48,50,104,0.15,29.24,92
RH McNeill,0,0,0,-,-,-,-,-,24,0,24,-,100,0.23,34.14,79
Ritu Moni,44,3,78,14.67,56,-40,52,60,95,5,102,19,93,-0.11,23.08,116
RK O'Donnell,38,6,49,6.33,78,-72,17,31,253,8,188,31.62,135,0.32,35.29,76
RL Haynes,1750,66,1542,26.52,113,11,1821,106,8,0,6,-,133,0.54,38.72,69
RM Farrell,167,14,128,11.93,130,-11,123,86,907,55,820,16.49,111,-0.05,25.5,105
RM Ghosh,320,21,308,15.24,104,-12,294,86,0,0,0,-,-,-,-,-
RMVD Gunaratne,7,1,13,7,54,-65,5,38,0,0,0,-,-,-,-,-
Rosemary Mair,113,10,140,11.3,81,-37,98,63,652,27,602,24.15,108,0.06,27.73,97
RP Yadav,91,10,98,9.1,93,-44,61,56,1024,61,959,16.79,107,-0.07,24.55,109
RS Dick,6,1,10,6,60,-73,3,31,16,1,12,16,133,0.07,29.45,91
RS Gayakwad,5,0,11,-,45,-30,8,69,475,30,450,15.83,106,-0.09,23.58,114
RS Vandort,47,5,67,9.4,70,-50,38,51,0,0,0,-,-,-,-,-
Rumana Ahmed,197,13,193,15.15,102,-14,180,84,319,21,342,15.19,93,-0.19,21.81,123
S Barriball,5,1,10,5,50,-82,2,22,0,0,0,-,-,-,-,-
S Campbell,19,2,38,9.5,50,-55,20,47,430,15,404,28.67,106,0.08,30.78,87
S Daffara,278,23,296,12.09,94,-28,235,71,0,0,0,-,-,-,-,-
S Day,19,2,18,9.5,106,-36,13,64,301,16,270,18.81,111,-0.01,26.01,103
S Ecclestone,83,10,80,8.3,104,-49,46,52,945,63,980,15,96,-0.16,22.69,118
S Gajnabi,33,5,52,6.6,63,-68,20,35,66,1,48,66,138,0.47,37.37,72
S Glenn,89,8,82,11.12,109,-25,67,73,747,49,733,15.24,102,-0.13,23.32,115
S Horley,27,1,25,27,108,3,27,98,10,0,6,-,167,0.88,46.87,57
S Ismail,65,12,83,5.42,78,-80,22,24,1236,72,1302,17.17,95,-0.13,23.65,113
S Jafta,40,2,29,20,138,20,37,114,0,0,0,-,-,-,-,-
S Lackay,15,1,19,15,79,-29,15,70,59,2,24,29.5,246,1.15,53.41,50
S Luus,593,26,578,22.81,103,0,617,96,578,18,434,32.11,133,0.31,33.7,80
S MacMahon,11,2,12,5.5,92,-80,3,24,83,4,96,20.75,86,-0.13,23.26,115
S Mandhana,2158,69,1640,31.28,132,30,2247,123,8,1,10,8,80,-0.52,13.12,205
S Meghana,37,1,30,37,123,27,40,120,0,0,0,-,-,-,-,-
S Molineux,978,56,904,17.46,108,-4,931,92,1703,84,1656,20.27,103,-0.04,25.35,106
S Mostary,18,1,24,18,75,-26,20,73,0,0,0,-,-,-,-,-
S Nisansala,0,0,0,-,-,-,-,-,17,0,24,-,71,-0.07,23.99,112
S Nitschke,39,3,39,13,100,-20,34,78,84,0,78,-,108,0.29,35.23,76
S Pandey,67,6,95,11.17,71,-41,63,59,642,26,584,24.69,110,0.08,28.33,95
S Rana,18,2,22,9,82,-47,13,54,60,2,54,30,111,0.1,28.16,95
S Sandeepani,0,1,1,0,0,-634,-5,-473,11,0,6,-,183,1.03,50.42,53
S Smith,2,1,4,2,50,-167,-2,-53,38,2,24,19,158,0.3,34.89,77
SA Campbelle,309,18,354,17.17,87,-18,315,80,0,0,0,-,-,-,-,-
Saachi Shahri,132,8,146,16.5,90,-17,131,80,0,0,0,-,-,-,-,-
SACA King,116,12,147,9.67,79,-44,93,57,83,3,95,27.67,87,-0.07,25.24,106
Sadia Iqbal,1,1,3,1,33,-228,-4,-109,42,1,48,42,88,-0.01,26,103
Sadia Yousuf,1,1,5,1,20,-165,-3,-52,73,2,42,36.5,174,0.66,42.16,64
Salma Khatun,37,7,49,5.29,76,-84,11,21,372,20,386,18.6,96,-0.11,23.73,113
Sana Mir,115,8,189,14.38,61,-39,129,61,582,15,522,38.8,111,0.18,30.73,87
Sanjida Akter Meghla,0,0,0,-,-,-,-,-,17,0,18,-,94,0.17,29.73,90
Sanjida Islam,106,13,146,8.15,73,-54,77,48,0,0,0,-,-,-,-,-
Sarah Asmussen,3,3,12,1,25,-189,-10,-73,183,10,162,18.3,113,0,26.07,103
Sarah Carnachan,5,0,12,-,42,-33,9,66,0,0,0,-,-,-,-,-
SC Selman,18,1,30,18,60,-35,22,65,404,22,432,18.36,94,-0.12,23.46,114
SD Bahadur,10,1,6,10,167,-6,6,91,90,1,66,90,136,0.49,38.21,70
SE Aley,86,9,80,9.56,107,-37,56,63,969,56,886,17.3,109,-0.04,25.63,105
Shafali Verma,810,32,611,25.31,133,25,808,119,0,0,0,-,-,-,-,-
Shamima Sultana,267,12,267,22.25,100,-2,282,95,0,0,0,-,-,-,-,-
Sharmin Akhter,8,1,22,8,36,-63,10,39,0,0,0,-,-,-,-,-
SI Gray,10,0,5,-,200,119,11,203,0,0,0,-,-,-,-,-
Sidra Ameen,73,7,99,10.43,74,-41,65,59,0,0,0,-,-,-,-,-
Sidra Nawaz,122,13,145,9.38,84,-43,93,58,0,0,0,-,-,-,-,-
SIP Fernando,3,2,7,1.5,43,-206,-7,-89,116,4,95,29,122,0.2,32.8,82
SIR Dunkley,151,5,144,30.2,105,7,164,102,13,1,24,13,54,-0.44,15.06,178
SJ Coyte,99,10,75,9.9,132,-22,64,76,1434,81,1305,17.7,110,-0.03,25.53,105
SJ Elliott,6,2,21,3,29,-99,2,8,35,0,23,-,152,0.72,42.96,62
SJ Johnson,632,48,505,13.17,125,-6,510,91,1489,86,1462,17.31,102,-0.09,25.07,107
SJ McGlashan,392,23,408,17.04,96,-13,382,84,0,0,0,-,-,-,-,-
SJ Taylor,123,6,93,20.5,132,17,116,112,0,0,0,-,-,-,-,-
SK Moloney,343,31,327,11.06,105,-27,263,72,379,21,329,18.05,115,0.01,26.84,100
SL Bates,18,2,23,9,78,-48,14,53,1476,71,1427,20.79,103,-0.02,25.71,104
SM Betts,11,3,17,3.67,65,-112,-1,-4,375,14,282,26.79,133,0.26,33.2,81
SM Kavanagh,60,8,74,7.5,81,-56,38,46,0,0,0,-,-,-,-,-
Sophie Devine,4337,102,3233,42.52,134,38,4680,130,2094,112,1888,18.7,111,0,27.29,98
Sophie Oldershaw,7,3,14,2.33,50,-144,-5,-33,179,13,204,13.77,88,-0.25,20.09,134
SR Naidu,0,0,0,-,-,-,-,-,14,0,18,-,78,0.04,29.32,92
SR Taylor,1268,43,1259,29.49,101,4,1397,100,1096,65,1016,16.86,108,-0.06,24.81,108
SRH Curtis,0,1,2,0,0,-352,-5,-220,0,0,0,-,-,-,-,-
SS Connell,9,1,13,9,69,-52,7,50,596,23,520,25.91,115,0.13,30.34,88
SS Grimmond,49,6,64,8.17,77,-52,35,50,84,0,73,-,115,0.37,37.62,71
SS Weerakkody,11,3,12,3.67,92,-134,-3,-25,62,3,72,20.67,86,-0.14,25.37,106
Suraiya Azmin,0,0,0,-,-,-,-,-,11,1,12,11,92,-0.31,20.36,132
Suzie Bates,2457,85,2198,28.91,112,12,2620,107,759,33,668,23,114,0.07,28.11,95
Syeda Aroob Shah,3,1,11,3,27,-97,1,9,117,3,96,39,122,0.26,31.83,84
T Bhatia,107,15,128,7.13,84,-59,61,43,0,0,0,-,-,-,-,-
T Brits,324,14,330,23.14,98,-3,345,94,0,0,0,-,-,-,-,-
T Chetty,34,4,46,8.5,74,-52,25,50,0,0,0,-,-,-,-,-
T Flintoff,118,8,122,14.75,97,-18,108,80,551,16,473,34.44,116,0.19,31.56,85
T Peschel,38,8,41,4.75,93,-105,1,2,940,37,910,25.41,103,0.03,29.05,92
T Saville,152,14,177,10.86,86,-37,125,63,0,0,0,-,-,-,-,-
T Wakelin,1,1,7,1,14,-138,-2,-28,0,0,0,-,-,-,-,-
T Wilson,318,18,364,17.67,87,-18,323,80,0,0,0,-,-,-,-,-
Tariel Lamb,4,2,7,2,57,-180,-5,-65,0,0,0,-,-,-,-,-
TD Smartt,0,0,0,-,-,-,-,-,40,0,36,-,111,0.34,35.8,75
Thamsyn Newton,154,12,175,12.83,88,-28,139,71,320,18,290,17.78,110,-0.03,27.73,97
TJ McPharlin,341,21,327,16.24,104,-10,317,87,0,0,0,-,-,-,-,-
TJ Vlaeminck,71,10,65,7.1,109,-56,33,46,820,40,897,20.5,91,-0.1,26.67,101
TM McGrath,1520,57,1387,26.67,110,9,1608,104,1279,60,1165,21.32,110,0.03,27.39,98
TS Sekhukhune,6,3,15,2,40,-147,-6,-36,300,11,282,27.27,106,0.07,29.19,92
TT Beaumont,2103,84,1960,25.04,107,6,2211,101,0,0,0,-,-,-,-,-
U Raymond-Hoey,4,3,8,1.33,50,-248,-11,-126,0,0,0,-,-,-,-,-
U Thimashini,39,5,45,7.8,87,-52,25,50,7,0,4,-,175,0.93,48.03,56
Umaima Sohail,284,21,308,13.52,92,-23,259,76,34,1,30,34,113,0.15,31.01,87
V Krishnamurthy,469,21,420,22.33,112,5,471,101,40,1,24,40,167,0.63,43.92,61
V Pyke,177,16,179,11.06,99,-30,139,70,538,13,462,41.38,116,0.23,31.99,84
WGAKK Kulasuriya,2,1,6,2,33,-135,-2,-25,152,3,106,50.67,143,0.5,38.8,69
WK Dilhari,50,3,46,16.67,109,-8,46,89,161,4,156,40.25,103,0.11,29.18,92
Xara Jetly,1,1,3,1,33,-228,-4,-109,109,10,138,10.9,79,-0.38,18.63,144
Y Fourie,4,1,7,4,57,-96,1,10,0,0,0,-,-,-,-,-
YH Bhatia,34,1,37,34,92,0,40,96,0,0,0,-,-,-,-,-
Z Mali,2,0,3,-,67,-9,3,88,180,4,135,45,133,0.38,35.12,76
